STORE_NAME,VISITOR,USER_INFO,VISIT_COUNT,REVIEW,TAG
포보스 현대시티아울렛대구점,"haohao2300
리뷰 1,277사진 1,302팔로워 68","['점심에 방문', '예약 없이 이용', '바로 입장', '일상', '연인・배우자, 아이']",7번째 방문,"우리 아이가 너무 좋아하는 하노이깐풍기.
소고기쌀국수. 하노이볶음밥까지 다 먹을수있는하노이세트를 시켰어요. 깐풍기 너무 부드럽고 소스도 너무 맛있어요. 양도 푸짐하고 맛있어요.
접기","['음식이 맛있어요', '재료가 신선해요', '친절해요', nan, nan]"
포보스 현대시티아울렛대구점,"새즈6
리뷰 261사진 298팔로워 2","['저녁에 방문', '예약 없이 이용', '바로 입장', nan, nan]",1번째 방문,맛있어요. 음식 깔끔하고 괜찮았어서 다시 방문할 것 같아요.,"['음식이 맛있어요', '재료가 신선해요', '양이 많아요', '매장이 넓어요', '혼밥하기 좋아요']"
포보스 현대시티아울렛대구점,"햇 살 향 기
리뷰 575사진 2,286팔로워 25","['저녁에 방문', '예약 없이 이용', '바로 입장', '일상', '지인・동료']",2번째 방문,담백하게 먹기 편한곳,"['음식이 맛있어요', '재료가 신선해요', '양이 많아요', '친절해요', '주차하기 편해요']"
포보스 현대시티아울렛대구점,"lirico
리뷰 813사진 181팔로워 1","['점심에 방문', nan, nan, nan, nan]",1번째 방문,"세트 먹었는데 둘이서 엄청 배부르게 먹었네요:) 쌀국수가 양이 정말 많고 고명도 넉넉합니다. 특히 분짜가 너무 맛있다고 남자친구가 엄청 잘 먹었어요. 저도 먹어보니 고기에서 불향이 확나는데 진짜 맛있더라구요~ 그리고 깐풍기도 너무 맛있네요. 달달간간하고 바삭 부드럽고 정말 배부르게 잘 먹고 나와서 다음에 또 오자 했습니다^^
접기","['음식이 맛있어요', '재료가 신선해요', '양이 많아요', '혼밥하기 좋아요', '인테리어가 멋져요']"
포보스 현대시티아울렛대구점,"zan****
리뷰 766사진 130","['점심에 방문', '예약 없이 이용', '바로 입장', '나들이', nan]",1번째 방문,맛있고 양도 많고,"['음식이 맛있어요', '양이 많아요', '가성비가 좋아요', nan, nan]"
포보스 현대시티아울렛대구점,"CrysLL2
리뷰 272사진 59","['점심에 방문', nan, nan, nan, nan]",1번째 방문,쌀국수 국물 먹자마자 크... 고기도 듬뿍 들어있고 개운하면서 맛있네요!~ 분짜도 맛있으니 드셔보시길..ㅎㅎ 분위기도 좋고 만족스러운 한끼였어요,"['특별한 메뉴가 있어요', '재료가 신선해요', '양이 많아요', '매장이 청결해요', '친절해요']"
포보스 현대시티아울렛대구점,"geh****
리뷰 435사진 91","['점심에 방문', nan, nan, nan, nan]",1번째 방문,다맛있어요 메뉴 향이 강하지않고 적당하고 간도 짜거나 단거 없이 다 잘맞아서 호불호 없이 다 좋아핫 맛입니다 ^^ 매장도 고급스럽고 깨끗해서 마음에 들어요,"['현지 맛에 가까워요', '가성비가 좋아요', '양이 많아요', '건강한 맛이에요', '메뉴 구성이 알차요']"
포보스 현대시티아울렛대구점,"rap****
리뷰 990사진 203팔로워 1","['점심에 방문', nan, nan, nan, nan]",10번째 방문,,"['음식이 맛있어요', nan, nan, nan, nan]"
포보스 현대시티아울렛대구점,"tu2****
리뷰 544사진 94","['점심에 방문', nan, nan, nan, nan]",1번째 방문,"소고기쌀국수, 소고기 비빔분짜 먹었어요. 아이랑 방문하기 좋은 깔끔한 쌀국수집이네요:) 아울렛 오면 또 들릴께요!","['메뉴 구성이 알차요', '특별한 메뉴가 있어요', '건강한 맛이에요', '가성비가 좋아요', '매장이 청결해요']"
포보스 현대시티아울렛대구점,"노을밤1998
리뷰 164사진 43","['점심에 방문', nan, nan, nan, nan]",1번째 방문,남편이랑 쇼핑하러 나왔다가 쌀국수 먹고 갑니다. 쌀국수 국물도 진하고 양도 푸짐해서 포만감 제대로네요! 식당도 깨끗해서 좋았어요 😍,"['가성비가 좋아요', '재료가 신선해요', '메뉴 구성이 알차요', '건강한 맛이에요', '친절해요']"
포보스 현대시티아울렛대구점,"young8585
리뷰 1,665사진 4,932팔로워 155테마 7","['점심에 방문', '예약 없이 이용', '바로 입장', '일상', '연인・배우자']",1번째 방문,"최근 현대아울렛에서 밥 먹을 일이 많았네요

요번엔 쌀국수 전문인 포보스에 들러봤습니다
세트는 양이 많을거 같아 단품인 쌀국수랑 팟타이 주문했어요

예상대로 양이 많음.. ㅎㅎㅎ
완전 배불러요👍

갠적으론 맛이 맘에 들어 담에 들어
다른 메뉴들도 먹어보고 싶습니다
접기","['음식이 맛있어요', '양이 많아요', '주차하기 편해요', nan, nan]"
포보스 현대시티아울렛대구점,"haohao2300
리뷰 1,277사진 1,302팔로워 68","['점심에 방문', '예약 없이 이용', '바로 입장', '일상', '연인・배우자, 아이']",6번째 방문,쌀국수. 볶음밥. 깐풍기 세트와 팟타이 시켰는데 양도 많고 다 맛있어요. 아이도 맛있다고 다 싹슬이 했어요,"['음식이 맛있어요', '양이 많아요', '친절해요', '주차하기 편해요', nan]"
포보스 현대시티아울렛대구점,"소소한 일상 속 행복
리뷰 41사진 84","['점심에 방문', '예약 없이 이용', '바로 입장', '가족모임', nan]",1번째 방문,"베트남 음식점 중 가장 좋아하는 곳~
모든 메뉴가 다 맛있어요!
종종 생각나면 들르는 곳^^","['음식이 맛있어요', '재료가 신선해요', '양이 많아요', '매장이 넓어요', '친절해요']"
포보스 현대시티아울렛대구점,"햇 살 향 기
리뷰 575사진 2,286팔로워 25","['저녁에 방문', '예약 없이 이용', '바로 입장', '친목', '친구']",1번째 방문,담백하게 먹기 좋아요.,"['음식이 맛있어요', '재료가 신선해요', '양이 많아요', '혼밥하기 좋아요', '친절해요']"
포보스 현대시티아울렛대구점,"쫌귀여움
리뷰 201사진 193","['점심에 방문', '예약 없이 이용', '바로 입장', '일상', '부모님']",1번째 방문,몇년째 내 최애집,"['음식이 맛있어요', nan, nan, nan, nan]"
포보스 현대시티아울렛대구점,"qai****
리뷰 459사진 99","['점심에 방문', nan, nan, nan, nan]",1번째 방문,"쌀국수 양도 많고 너무 맛있어요!
국물이 담백하고 짜지않아 좋았어요>< 고기도 많고 맛있어요! 절대 실패안하는 곳👍👍","['현지 맛에 가까워요', '건강한 맛이에요', '음식이 맛있어요', '가성비가 좋아요', '특별한 메뉴가 있어요']"
포보스 현대시티아울렛대구점,"돈들어밥내놔
리뷰 593사진 119","['저녁에 방문', nan, nan, nan, nan]",1번째 방문,베트남 음식을 워낙 좋아하는데 여기는 특유의 냄새도 안나고 소고기 쌀국수는 진짜 명품이네요~~,"['음식이 맛있어요', '메뉴 구성이 알차요', '현지 맛에 가까워요', '건강한 맛이에요', nan]"
포보스 현대시티아울렛대구점,"rap****
리뷰 990사진 203팔로워 1","['점심에 방문', nan, nan, nan, nan]",9번째 방문,좋아요!!,"['양이 많아요', nan, nan, nan, nan]"
포보스 현대시티아울렛대구점,"찍찍34
리뷰 1,590사진 122","['저녁에 방문', nan, nan, nan, nan]",2번째 방문,굿,"['음식이 맛있어요', nan, nan, nan, nan]"
포보스 현대시티아울렛대구점,"mei****
리뷰 113사진 3","['점심에 방문', '예약 없이 이용', '바로 입장', '일상', '지인・동료']",3번째 방문,"쌀국수 맛집
추천합니다","['음식이 맛있어요', '재료가 신선해요', '양이 많아요', '현지 맛에 가까워요', nan]"
포보스 현대시티아울렛대구점,"배주영2
리뷰 219사진 205","['저녁에 방문', '예약 없이 이용', '바로 입장', '일상', '연인・배우자']",1번째 방문,"현대아울렛 왔다가 쇼핑하고 8층에 푸드코드 메뉴고르다
들어왔는데 잘 온거같아요
여자직원분 친절하시고 즐겁게 일하는 모습에 더 맛난거 같았네요
접기","['음식이 맛있어요', '현지 맛에 가까워요', '가성비가 좋아요', nan, nan]"
포보스 현대시티아울렛대구점,"rap****
리뷰 990사진 203팔로워 1","['점심에 방문', nan, nan, nan, nan]",8번째 방문,좋아요,"['양이 많아요', '매장이 넓어요', nan, nan, nan]"
포보스 현대시티아울렛대구점,"rap****
리뷰 990사진 203팔로워 1","['점심에 방문', nan, nan, nan, nan]",7번째 방문,좋아요,"['혼밥하기 좋아요', nan, nan, nan, nan]"
포보스 현대시티아울렛대구점,"tpcjszjvlwhsakt
리뷰 14사진 18","['점심에 방문', '예약 없이 이용', '바로 입장', '일상', '혼자']",2번째 방문,"기본적으로 음식이 깔끔하니 맛있습니다 :)👏👏
직원분들도 너무 친절하시고, 매장자체도 넓어서 다음에는 가족들이랑 같이 오면 좋을 것 같아요!!","['친절해요', '음식이 맛있어요', '현지 맛에 가까워요', '매장이 넓어요', '단체모임 하기 좋아요']"
포보스 현대시티아울렛대구점,"tpcjszjvlwhsakt
리뷰 14사진 18","['점심에 방문', '예약 없이 이용', '바로 입장', '친목, 일상', nan]",1번째 방문,"기본적으로 음식이 깔끔하니 맛있습니다 :)👏👏
직원분들도 너무 친절하시고, 매장자체도 넓어서 다음에는 가족들이랑 같이 오면 좋을 것 같아요!!","['친절해요', '매장이 넓어요', '혼밥하기 좋아요', '음식이 맛있어요', '재료가 신선해요']"
포보스 현대시티아울렛대구점,"헬로찌옴
리뷰 1,123사진 78","['저녁에 방문', '예약 후 이용', '바로 입장', '친목', '친구']",1번째 방문,친절하셨어요 감사합니다:),"['음식이 맛있어요', nan, nan, nan, nan]"
포보스 현대시티아울렛대구점,"리뷰왕이될꺼야
리뷰 410사진 1,248팔로워 41테마 4","['점심에 방문', '예약 없이 이용', '바로 입장', '일상', '연인・배우자, 아이']",1번째 방문,현대 아울렛에서 제 입맛엔 여기가 젤 좋아요 어린이 메뉴 있어서 아이들도 좋아하고 쌀숙수도 볶음밥도 무난무난 괜찮아요,"['음식이 맛있어요', '매장이 청결해요', '화장실이 깨끗해요', '주차하기 편해요', nan]"
포보스 현대시티아울렛대구점,"호산러TW
리뷰 413사진 100","['점심에 방문', nan, nan, nan, nan]",1번째 방문,아울렛 오면 애들이 좋아하는 쌀국수 먹으러 포보스 무조건 오는데 올때마다 항상 만족하네요. 맛변화도 없구 양도 많아서 굿~~~~👍,"['양이 많아요', '메뉴 구성이 알차요', '현지 맛에 가까워요', '가성비가 좋아요', nan]"
포보스 현대시티아울렛대구점,"y4o****
리뷰 475사진 100","['저녁에 방문', nan, nan, nan, nan]",1번째 방문,"소고기쌀국수, 소고기 비빔분짜 맛있게 먹었어요~ 쌀국수 국물이 진국이네요👍🏻 여기 전체적으로 양도 푸짐하고 가격이 착해요~ 담에 또 올께요!","['가성비가 좋아요', '특별한 메뉴가 있어요', nan, nan, nan]"
포보스 현대시티아울렛대구점,"gkahddl
리뷰 521사진 1,761팔로워 35","['점심에 방문', '예약 없이 이용', '바로 입장', '일상', '연인・배우자']",3번째 방문,"현대아울렛만 가면 꼭 먹고오는 쌀국수임다.
국물이 진짜 맛있고 양도 푸짐해요~~^^
깐풍기도 매콤하니 맛있었어요~~^^","['음식이 맛있어요', '양이 많아요', '가성비가 좋아요', '친절해요', nan]"
포보스 현대시티아울렛대구점,"mei****
리뷰 113사진 3","['점심에 방문', '예약 없이 이용', '10분 이내', '일상', nan]",2번째 방문,쌀국수 국물이 아주 시원해요,"['음식이 맛있어요', '가성비가 좋아요', nan, nan, nan]"
포보스 현대시티아울렛대구점,"hai****
리뷰 314사진 50","['저녁에 방문', nan, nan, nan, nan]",1번째 방문,"베트남음식 땡겨서 들어왔는데 냄새부터 장난아니네요~ 0_0 하노이깐풍기, 소고기쌀국수, 하노이볶음밥 야무지게 먹었어요~ 현지느낌 뿜뿜이네요","['메뉴 구성이 알차요', '음식이 맛있어요', '가성비가 좋아요', '특별한 메뉴가 있어요', nan]"
포보스 현대시티아울렛대구점,"스타라이트99
리뷰 322사진 60","['저녁에 방문', nan, nan, nan, nan]",1번째 방문,쌀국수는 무조건 성공인데~ 비빔분짜도 잘 나와요. 소스도 맛있구 야채 신선하니 잘 나와요.,"['음식이 맛있어요', '재료가 신선해요', '양이 많아요', '가성비가 좋아요', nan]"
포보스 현대시티아울렛대구점,"마이통술
리뷰 586사진 105","['점심에 방문', nan, nan, nan, nan]",1번째 방문,음식이 맛있고 착한 가격인데 양도 푸짐하고 최고의 점심이네요 냄새에 예민한 남편도 편하게 먹을수 있는 맛이네요,"['가성비가 좋아요', '특별한 메뉴가 있어요', nan, nan, nan]"
포보스 현대시티아울렛대구점,"워머신321
리뷰 841사진 145","['점심에 방문', nan, nan, nan, nan]",1번째 방문,어떤 메뉴를 주문해도 남김없이 먹을수 있을것 같아요 담백한 국물이 깔끔하고 깊은 맛이 있어요,"['가성비가 좋아요', '음식이 맛있어요', nan, nan, nan]"
포보스 현대시티아울렛대구점,"i7c****
리뷰 460사진 66","['점심에 방문', nan, nan, nan, nan]",1번째 방문,현대시티아울렛 쌀국수 가성비 맛집👍🏻 쌀국수는 정말 순하고 담백한 맛이예요! 쌀국수만 맛있는 줄 알았더니 하노이볶음밥도 꼭드세요. 이 조합 너무 좋네요~~,"['현지 맛에 가까워요', '특별한 메뉴가 있어요', '가성비가 좋아요', nan, nan]"
포보스 현대시티아울렛대구점,"hrz****
리뷰 340사진 78","['점심에 방문', nan, nan, nan, nan]",1번째 방문,"소고기쌀국수 국물이 진하고 부드럽고 두툼한 소고기가 듬뿍 들었어요. 다음번에 현대시티아울렛 온다면 다른 메뉴도 도전해보려구요~ 뭘 주문해도 맛있을것 같아요옹😍
접기","['음식이 맛있어요', '특별한 메뉴가 있어요', '건강한 맛이에요', nan, nan]"
포보스 현대시티아울렛대구점,"토리토리민
리뷰 317사진 69","['저녁에 방문', nan, nan, nan, nan]",1번째 방문,쌀국수 국물 깔끔하구 숙주 많이 달라고 하면 더 주셔서 좋아요. 친절하시구 맛있어서 현대아울렛 오면 자주 오게 되네요.,"[nan, nan, nan, nan, nan]"
포보스 현대시티아울렛대구점,"all****
리뷰 985사진 31팔로워 3","['저녁에 방문', '예약 없이 이용', '바로 입장', '일상', '혼자']",1번째 방문,굳,"['음식이 맛있어요', nan, nan, nan, nan]"
포보스 현대시티아울렛대구점,"고요한바람2
리뷰 281사진 61","['저녁에 방문', nan, nan, nan, nan]",1번째 방문,"포보스 쌀국수 먹으러 들렸어요~ 소고기쌀국수에 소고기비빔분짜, 짜조 맛있게 먹었어요! 음식도 깔끔하게 나오고 특히 쌀국수 육수가 맛있어요!!+_+","['양이 많아요', '특별한 메뉴가 있어요', '재료가 신선해요', nan, nan]"
포보스 현대시티아울렛대구점,"haohao2300
리뷰 1,277사진 1,302팔로워 68","['점심에 방문', '예약 없이 이용', '10분 이내', '일상', nan]",5번째 방문,평일점심세트 먹었어요. 쌀국수와 매콤해물볶음밥 세트. 볶음밥이 매콤해서 쌀국수랑 아주 잘어울려요. 양도 많고 좋아요,"['친절해요', '매장이 청결해요', '음식이 맛있어요', '양이 많아요', nan]"
포보스 현대시티아울렛대구점,"귀염둥이 세미
리뷰 401사진 170","['점심에 방문', '예약 없이 이용', '바로 입장', '나들이', nan]",1번째 방문,양이푸짐해요,"['음식이 맛있어요', nan, nan, nan, nan]"
포보스 현대시티아울렛대구점,"wj347
리뷰 1,246사진 3,197팔로워 122","['저녁에 방문', '예약 없이 이용', '바로 입장', nan, nan]",3번째 방문,"가끔씩 가는데... 이번 계산대에 있던 분 말투가 좀 그랬어요 ㅠㅠ 서빙 알바생은 괜찮았는데...

음식은 쏘쏘. 현지맛은 안나지만 맛은 괜찮아요. 쌀국수보다 분짜가 더 맛있어요.
접기","['양이 많아요', '매장이 청결해요', '주차하기 편해요', nan, nan]"
포보스 현대시티아울렛대구점,"냄비네
리뷰 1,274","['저녁에 방문', nan, nan, nan, nan]",1번째 방문,ㅇ,"[nan, nan, nan, nan, nan]"
포보스 현대시티아울렛대구점,"ruvrich
리뷰 179사진 480팔로워 13","['점심에 방문', '예약 없이 이용', '바로 입장', '데이트', nan]",1번째 방문,"저의최애 맛집이예요 ㅎㅎ
깔끔한 쌀국수 국물맛에
매번반하고 오고있어요 ^^","['음식이 맛있어요', '재료가 신선해요', '양이 많아요', '현지 맛에 가까워요', '가성비가 좋아요']"
포보스 현대시티아울렛대구점,"예솔486
리뷰 684사진 674","['저녁에 방문', '예약 없이 이용', '10분 이내', '나들이', nan]",2번째 방문,맛나요 ㅎㅎ,"['음식이 맛있어요', '재료가 신선해요', nan, nan, nan]"
포보스 현대시티아울렛대구점,"luv****
리뷰 46사진 4팔로워 3","['저녁에 방문', '예약 없이 이용', '바로 입장', '데이트', nan]",1번째 방문,"근처에 올때마다 항상 들르는곳이예요,
베트남음식은 뭔가 가득먹어도
위에 부담스럽지않고 푸짐하고
깔끔한 맛이라 더 좋은것같아용 ㅎㅎ
접기","['음식이 맛있어요', '재료가 신선해요', '양이 많아요', '현지 맛에 가까워요', '인테리어가 멋져요']"
포보스 현대시티아울렛대구점,"hee****
리뷰 28사진 4","['저녁에 방문', '예약 없이 이용', '바로 입장', '일상', '연인・배우자, 아이']",1번째 방문,"여자 직원 정말 불친절 해서 음식먹기전 화났고 음식나오고 화나서 밥 먹다가 나갈뻔 했네요! 인상 팍팍쓰며 짜쯩섞인 말투에 음식 팍팍 놓고 일하기 싫은거 화풀이 하는줄 알았어요! 맛은 있어도 불 친절해서 다시는 안가고 싶네요~~
접기","['음식이 맛있어요', '주차하기 편해요', nan, nan, nan]"
포보스 현대시티아울렛대구점,"yen****
리뷰 51사진 7","['저녁에 방문', '예약 없이 이용', '10분 이내', '친목', nan]",1번째 방문,"알찬셋트구성으로 이것저것 다 맛볼수있어서
좋았어요 !! 시원하고 진한 쌀국수의 맛!!
채소도 신선하고 면도 쫀득해요!!","['음식이 맛있어요', '재료가 신선해요', '양이 많아요', '현지 맛에 가까워요', '가성비가 좋아요']"
포보스 현대시티아울렛대구점,"유동닉
리뷰 1,955사진 31","['점심에 방문', '예약 없이 이용', '바로 입장', '데이트', nan]",2번째 방문,좋습니다,"['음식이 맛있어요', '양이 많아요', '가성비가 좋아요', nan, nan]"
포보스 현대시티아울렛대구점,"luangel
리뷰 586사진 317팔로워 12","['저녁에 방문', '예약 없이 이용', '바로 입장', '일상', '지인・동료']",1번째 방문,간이 좀 쎈편임,"['혼밥하기 좋아요', '주차하기 편해요', nan, nan, nan]"
포보스 현대시티아울렛대구점,"mei****
리뷰 113사진 3","['밤에 방문', '예약 없이 이용', '바로 입장', '데이트', '친구']",1번째 방문,쌀국수가 맛있어서 가끔 가는 곳이예요,"['음식이 맛있어요', '양이 많아요', '현지 맛에 가까워요', '가성비가 좋아요', '주차하기 편해요']"
포보스 현대시티아울렛대구점,"mei****
리뷰 958사진 188","['저녁에 방문', nan, nan, nan, nan]",1번째 방문,너무 맛이 별로라 다시는 안갈것 같아요,"['주차하기 편해요', nan, nan, nan, nan]"
포보스 현대시티아울렛대구점,"날씬하게
리뷰 2,845사진 33","['저녁에 방문', nan, nan, nan, nan]",3번째 방문,굿,"['친절해요', nan, nan, nan, nan]"
포보스 현대시티아울렛대구점,"너와의 기억을 걷는 시간
리뷰 1,089사진 116","['저녁에 방문', '예약 없이 이용', '바로 입장', '친목', '친구']",1번째 방문,,"['음식이 맛있어요', '양이 많아요', nan, nan, nan]"
포보스 현대시티아울렛대구점,"똑똑아44
리뷰 411사진 247","['점심에 방문', '예약 없이 이용', '바로 입장', '친목', '친구, 지인・동료']",1번째 방문,근처 쌀국수 파는곳이 없어서 가끔 가요,"['음식이 맛있어요', '매장이 넓어요', nan, nan, nan]"
포보스 현대시티아울렛대구점,"gkahddl
리뷰 521사진 1,761팔로워 35","['점심에 방문', nan, nan, nan, nan]",2번째 방문,"자스민차로 시작하고 쌀국수 국물 진짜 끝내주고 볶음밥도 너무 맛있는 포보스
현대아울렛 갈때마다 포보스만 간답니다~~^^
추워지니 따뜻한 쌀국수 드시고 따뜻한 겨울 나세요~~^^
접기","['음식이 맛있어요', '재료가 신선해요', '양이 많아요', '친절해요', nan]"
포보스 현대시티아울렛대구점,"Manuarius
리뷰 1,370사진 598","['점심에 방문', nan, nan, nan, nan]",1번째 방문,,"['가성비가 좋아요', '매장이 청결해요', '좌석이 편해요', nan, nan]"
포보스 현대시티아울렛대구점,"ch3
리뷰 907사진 205","['저녁에 방문', nan, nan, nan, nan]",1번째 방문,사람이 많은곳이라 가봤는데 맛이 영...,"['주차하기 편해요', nan, nan, nan, nan]"
포보스 현대시티아울렛대구점,"sx****
리뷰 619사진 237팔로워 1","['점심에 방문', '예약 없이 이용', '바로 입장', '일상', '지인・동료']",1번째 방문,맛있습니다 쌀국수,"['음식이 맛있어요', '재료가 신선해요', nan, nan, nan]"
포보스 현대시티아울렛대구점,"찍찍34
리뷰 1,590사진 122","['저녁에 방문', nan, nan, nan, nan]",1번째 방문,굿,"['음식이 맛있어요', nan, nan, nan, nan]"
포보스 현대시티아울렛대구점,"하하하2330
리뷰 1,212사진 60팔로워 34","['점심에 방문', '예약 없이 이용', '바로 입장', '일상', '아이']",1번째 방문,친절하고 좋았는데 쌀국수 맛이 좀 아쉬웠어요 ㅠㅠ 다음엔 다른 메뉴에 도전하고 싶어요,"['재료가 신선해요', '양이 많아요', '친절해요', '주차하기 편해요', nan]"
포보스 현대시티아울렛대구점,"벼락망치3
리뷰 998사진 5","['저녁에 방문', '예약 없이 이용', '바로 입장', '일상', '연인・배우자, 아이']",3번째 방문,친절해요,"['음식이 맛있어요', nan, nan, nan, nan]"
포보스 현대시티아울렛대구점,"kkh****
리뷰 85사진 7","['점심에 방문', '예약 없이 이용', '바로 입장', '친목', '지인・동료']",1번째 방문,,"['주차하기 편해요', nan, nan, nan, nan]"
포보스 현대시티아울렛대구점,"꼬마악마3
리뷰 1,259사진 1,489","['점심에 방문', '예약 없이 이용', '바로 입장', '일상', '연인・배우자, 아이']",2번째 방문,맛나요,"['음식이 맛있어요', '재료가 신선해요', '양이 많아요', '현지 맛에 가까워요', '가성비가 좋아요']"
포보스 현대시티아울렛대구점,"gkd****
리뷰 115사진 33","['점심에 방문', '예약 없이 이용', '바로 입장', '데이트, 친목, 나들이, 기념일', nan]",1번째 방문,"따뜻한 국물이 좋아서 먹는 쌀국수 오늘은 세트로 주문해서 먹었구요 ㅎㅎ 깐풍기 쌀국수 볶음밥 역시 후회없는 선택이며 맛나써여 ㅎㅎㅎ 주차좋코 맛있는 식당가 선택해서 갈수 이써여 ㅎㅎㅎ
접기","['음식이 맛있어요', '재료가 신선해요', '양이 많아요', '매장이 넓어요', '친절해요']"
포보스 현대시티아울렛대구점,"yhc****
리뷰 1,322사진 22","['점심에 방문', '예약 없이 이용', '바로 입장', '나들이', nan]",1번째 방문,좋아요,"['음식이 맛있어요', nan, nan, nan, nan]"
포보스 현대시티아울렛대구점,"김블리07
리뷰 375사진 380팔로워 4","['저녁에 방문', '예약 없이 이용', '바로 입장', '친목', '친구']",1번째 방문,,"['음식이 맛있어요', '재료가 신선해요', '현지 맛에 가까워요', '단체모임 하기 좋아요', nan]"
포보스 현대시티아울렛대구점,"유동닉
리뷰 1,955사진 31","['저녁에 방문', '예약 없이 이용', '바로 입장', '일상', '친구']",1번째 방문,좋아요,"['양이 많아요', '현지 맛에 가까워요', '가성비가 좋아요', nan, nan]"
포보스 현대시티아울렛대구점,"하늘지기5224
리뷰 505사진 3","['점심에 방문', nan, nan, nan, nan]",5번째 방문,ㆍ,"['혼밥하기 좋아요', nan, nan, nan, nan]"
포보스 현대시티아울렛대구점,"lzhdzhdl
리뷰 701사진 356팔로워 17","['아침에 방문', '예약 없이 이용', '바로 입장', '친목', '지인・동료']",2번째 방문,맛있어요~,"['음식이 맛있어요', '매장이 넓어요', nan, nan, nan]"
포보스 현대시티아울렛대구점,"ssi****
리뷰 1,727사진 343","['점심에 방문', nan, nan, nan, nan]",2번째 방문,좋아요,"['음식이 맛있어요', '재료가 신선해요', nan, nan, nan]"
포보스 현대시티아울렛대구점,"꼬마악마3
리뷰 1,259사진 1,489","['점심에 방문', '예약 없이 이용', '바로 입장', '가족모임', nan]",1번째 방문,맛나요,"['음식이 맛있어요', '재료가 신선해요', '양이 많아요', '현지 맛에 가까워요', '가성비가 좋아요']"
포보스 현대시티아울렛대구점,"rbf****
리뷰 1,576사진 261","['점심에 방문', nan, nan, nan, nan]",1번째 방문,4인세트메뉴 시켰는데 모든음식이 다 맛있어 기분이 좋았어요,"['음식이 맛있어요', nan, nan, nan, nan]"
포보스 현대시티아울렛대구점,"아침배짤
리뷰 276사진 813팔로워 26","['점심에 방문', nan, nan, nan, nan]",1번째 방문,"현대시티아울렛 식당가에 있는 베트남식당입니동~ 쌀국수,깐풍기,볶음밥,분짜 요렇게 먹어봤슴다. 쌀국수는 그냥먹음 밍숭맹숭하니 베트남고추가루랑 고수,스리라차소스등 잘 배합해서 드셔야 맛이나요. 깐풍기랑 볶음밥은 괜찮았고
분짜는 피(?)가 너무 딱딱했어요. 좀더 얇아야하는거아닌가 싶더라고요.먹은메뉴들 대체로 나쁘지않았어요. 근데 점심시간보다 일찍갔는데도 손님이 많아서 좀 많이 기다렸어요.
접기","['음식이 맛있어요', '주차하기 편해요', nan, nan, nan]"
포보스 현대시티아울렛대구점,"쑤니클린
리뷰 576사진 1,051팔로워 21","['점심에 방문', nan, nan, nan, nan]",1번째 방문,"쌀국수 먹고싶어서 찾아간곳~♡
국물이 시원하이 맛나요~~~
담에는 고수추가해서 먹어봐야겠어요~~~♡
쌀국수 맛집👍🤗
접기","['음식이 맛있어요', '재료가 신선해요', '양이 많아요', '친절해요', nan]"
포보스 현대시티아울렛대구점,"통통315
리뷰 643사진 1,044테마 9","['점심에 방문', nan, nan, nan, nan]",1번째 방문,"쌀국수+그린빈찹스테이크
찹스테이크는 간이 쎈 편인데 밥이랑 먹으니까 괜찮았어요.","['친절해요', '주차하기 편해요', '화장실이 깨끗해요', nan, nan]"
포보스 현대시티아울렛대구점,"하늘지기5224
리뷰 505사진 3","['점심에 방문', nan, nan, nan, nan]",4번째 방문,ㆍ,"['매장이 넓어요', nan, nan, nan, nan]"
포보스 현대시티아울렛대구점,"배윤주0
리뷰 392사진 174팔로워 8","['저녁에 방문', nan, nan, nan, nan]",1번째 방문,쌀국수가 먹고싶어서 방문했어여. 볶음밥도 맛있고 쌀국수도 맛있네여. 먹다보니 다먹었어여. 무엇보다 직원분이 친절하세여. 잘먹고 갑니다.,"['주차하기 편해요', '화장실이 깨끗해요', '친절해요', '매장이 청결해요', '음식이 맛있어요']"
포보스 현대시티아울렛대구점,"하늘지기5224
리뷰 505사진 3","['점심에 방문', nan, nan, nan, nan]",3번째 방문,ㅁ,"['인테리어가 멋져요', nan, nan, nan, nan]"
포보스 현대시티아울렛대구점,"gkt****
리뷰 337사진 44","['점심에 방문', '예약 없이 이용', '30분 이상', '데이트, 친목, 나들이, 기념일', nan]",1번째 방문,"현대시티아울렛 식당가에 있는 베트남식당입니다 ㅎㅎㅎㅎ 쌀국수 깐풍기 볶음밥 분짜 요러게 먹었습니다 ㅎㅎㄹ 쌀국수는 소스를 잘 배합해서 드셔야 맛이 나구요 ㅎㄹ 볶음밥은 괜찮아여 ㅎㅎㅎ
접기","['음식이 맛있어요', '재료가 신선해요', '양이 많아요', '뷰가 좋아요', '아늑해요']"
포보스 현대시티아울렛대구점,"하늘지기5224
리뷰 505사진 3","['점심에 방문', nan, nan, nan, nan]",2번째 방문,ᆢ,"['매장이 넓어요', nan, nan, nan, nan]"
포보스 현대시티아울렛대구점,"임실사나이
리뷰 1,197사진 71팔로워 1","['점심에 방문', nan, nan, nan, nan]",1번째 방문,굿,"['음식이 맛있어요', nan, nan, nan, nan]"
포보스 현대시티아울렛대구점,"배윤주0
리뷰 392사진 174팔로워 8","['저녁에 방문', nan, nan, nan, nan]",2번째 방문,쌀국수가 맛있어서 또 방문했어여. 오늘은 세트구성으로 먹었는데 구성이 좋아여. 잘먹고 갑니다.,"['음식이 맛있어요', '주차하기 편해요', '매장이 청결해요', '친절해요', nan]"
포보스 현대시티아울렛대구점,"haohao2300
리뷰 1,277사진 1,302팔로워 68","['저녁에 방문', nan, nan, nan, nan]",4번째 방문,평일 점심 세트. 쌀국수와 매콤볶음밥. 너무 궁합좋아요. 양도 많아 배부르고 너무 맛있어요.,"['매장이 청결해요', '음식이 맛있어요', nan, nan, nan]"
포보스 현대시티아울렛대구점,"츄츄chuchu
리뷰 461사진 118팔로워 14","['밤에 방문', nan, nan, nan, nan]",2번째 방문,맛있어요,"['음식이 맛있어요', '양이 많아요', nan, nan, nan]"
포보스 현대시티아울렛대구점,"배윤주0
리뷰 392사진 174팔로워 8","['점심에 방문', nan, nan, nan, nan]",3번째 방문,쌀국수 먹으러 가끔갑니다. 깔끔하고 맛있어여.,"['주차하기 편해요', '화장실이 깨끗해요', '매장이 청결해요', '친절해요', nan]"
포보스 현대시티아울렛대구점,"아메리카노넘좋아
리뷰 584사진 406팔로워 13","['저녁에 방문', nan, nan, nan, nan]",1번째 방문,음식 맛있게 잘 먹었습니다,"['음식이 맛있어요', nan, nan, nan, nan]"
포보스 현대시티아울렛대구점,"qozk
리뷰 984사진 147팔로워 2","['점심에 방문', nan, nan, nan, nan]",1번째 방문,메뉴 다 맛있었어요!,"['음식이 맛있어요', '재료가 신선해요', '매장이 넓어요', '친절해요', '매장이 청결해요']"
포보스 현대시티아울렛대구점,"츄츄chuchu
리뷰 461사진 118팔로워 14","['점심에 방문', nan, nan, nan, nan]",1번째 방문,"쌀국수먹고싶을때마다 가는곳이에요.
여기 매운해산물볶음밥 대존맛!!","['음식이 맛있어요', '양이 많아요', '혼밥하기 좋아요', nan, nan]"
포보스 현대시티아울렛대구점,"club718
리뷰 1,110사진 138","['점심에 방문', '예약 없이 이용', '바로 입장', '데이트', nan]",1번째 방문,굿,"['음식이 맛있어요', '양이 많아요', '매장이 넓어요', '아늑해요', '친절해요']"
포보스 현대시티아울렛대구점,"안녕유월
리뷰 1,304사진 5,614팔로워 66","['점심에 방문', nan, nan, nan, nan]",1번째 방문,좋아요,"['가성비가 좋아요', '매장이 넓어요', nan, nan, nan]"
포보스 현대시티아울렛대구점,"꿈꾸는 윤자매
리뷰 114사진 510팔로워 10테마 1","['저녁에 방문', nan, nan, nan, nan]",2번째 방문,"따뜻한 국물이 좋아서 먹는 쌀국수^^
오늘은 세트로 주문해서 먹었다!
깐풍기 쌀국수 볶음밥
역시 후회없는 선택이다~ 맛난다ㅎ
현대아울렛 식당가에서 만나면 좋은 이유ㅎ
주차 좋고 맛있는 식당가 선택해서 갈 수 있다ㅋ
접기","['주차하기 편해요', '음식이 맛있어요', '특별한 메뉴가 있어요', '재료가 신선해요', nan]"
포보스 현대시티아울렛대구점,"AMnbvcxz
리뷰 1,447사진 113","['점심에 방문', nan, nan, nan, nan]",1번째 방문,👍🏻,"['음식이 맛있어요', nan, nan, nan, nan]"
포보스 현대시티아울렛대구점,"엔젤YU
리뷰 999사진 29","['점심에 방문', nan, nan, nan, nan]",1번째 방문,굿,"['음식이 맛있어요', nan, nan, nan, nan]"
포보스 현대시티아울렛대구점,"2j3405
리뷰 1,172사진 623","['점심에 방문', nan, nan, nan, nan]",1번째 방문,맛있고 친절해요~,"['음식이 맛있어요', '가성비가 좋아요', '친절해요', nan, nan]"
포보스 현대시티아울렛대구점,"꿈꾸는 윤자매
리뷰 114사진 510팔로워 10테마 1","['점심에 방문', nan, nan, nan, nan]",1번째 방문,"점심 먹으러 #베트남음식점 고고~
현대아울렛에서 일하는 지인이라 가까운 곳으로!
역시 베트남고추가 맵긴 한가보다ㅎㅎ
매운맛이 땡기는 날이라서ㅋ
주메뉴를 둘다 매운걸로다🥵
기대도 안했는데~ 성공적👍
접기","['재료가 신선해요', '음식이 맛있어요', '양이 많아요', '주차하기 편해요', nan]"
포보스 현대시티아울렛대구점,"csm9585
리뷰 371사진 5","['밤에 방문', nan, nan, nan, nan]",1번째 방문,점원분이 친절하시고 맛도 좋네요,"['음식이 맛있어요', '재료가 신선해요', '양이 많아요', '친절해요', nan]"
포보스 현대시티아울렛대구점,"러프한 리뷰어
리뷰 746사진 956팔로워 28테마 2","['점심에 방문', nan, nan, nan, nan]",1번째 방문,늘 현대시티가면 먹는곳.짜조.팟타이맛있음,"['친절해요', '주차하기 편해요', '음식이 맛있어요', nan, nan]"
포보스 현대시티아울렛대구점,"rose3052
리뷰 1,522사진 842","['점심에 방문', nan, nan, nan, nan]",1번째 방문,"진짜 오랫만에 맛잇는점심먹엇어요
국물도 깔끔하고 좋아요
다음에 친구랑 다시가기로햇어요","['음식이 맛있어요', '재료가 신선해요', '양이 많아요', '매장이 넓어요', '친절해요']"
포보스 현대시티아울렛대구점,"내꼬징
리뷰 1,620사진 231","['점심에 방문', nan, nan, nan, nan]",1번째 방문,"양이 많아요~
맛있어요^^","['음식이 맛있어요', '양이 많아요', nan, nan, nan]"
포보스 현대시티아울렛대구점,"cof****
리뷰 1,357사진 21","['점심에 방문', nan, nan, nan, nan]",1번째 방문,굿,"['음식이 맛있어요', '친절해요', nan, nan, nan]"
포보스 현대시티아울렛대구점,"호기로운효탱이
리뷰 818사진 5,493팔로워 160테마 2","['저녁에 방문', nan, nan, nan, nan]",2번째 방문,"너무 배고파서 먹느라 사진은 많이 못찍었어요
현대아울렛 갈때마다 맛집많아서 어디갈까 고민하지만 최종선택은 포보스예요
진따 맛있어요~^^
접기","['음식이 맛있어요', '재료가 신선해요', '특별한 메뉴가 있어요', '가성비가 좋아요', '양이 많아요']"
포보스 현대시티아울렛대구점,"pur****
리뷰 728사진 72팔로워 3","['점심에 방문', nan, nan, nan, nan]",1번째 방문,"너무 아무런 맛이 없어요
돈 아까워요","[nan, nan, nan, nan, nan]"
포보스 현대시티아울렛대구점,"듀블ㄹl
리뷰 1,735사진 1,709팔로워 1","['점심에 방문', nan, nan, nan, nan]",1번째 방문,"점심특선이 있어 작은양으로 여러개 시켜먹을수 있어서 좋네요
분짜 좀더 새콤하고 자극적이면 맛있을꺼같네요","['음식이 맛있어요', nan, nan, nan, nan]"
포보스 현대시티아울렛대구점,"용재용재
리뷰 926사진 309","['저녁에 방문', nan, nan, nan, nan]",1번째 방문,"손님이 많길래 들어갔는데, 정말 맛있게 먹었습니다 !","['매장이 청결해요', '친절해요', '화장실이 깨끗해요', '주차하기 편해요', '음식이 맛있어요']"
포보스 현대시티아울렛대구점,"하늘지기5224
리뷰 505사진 3","['점심에 방문', nan, nan, nan, nan]",1번째 방문,ㅇㅇ,"['주차하기 편해요', nan, nan, nan, nan]"
포보스 현대시티아울렛대구점,"gkahddl
리뷰 521사진 1,761팔로워 35","['아침에 방문', nan, nan, nan, nan]",1번째 방문,"쌀국수 최고네요 육수가 끝내줘요 ㅎ
양도 많고 맛나게 잘 먹었습니다","['매장이 청결해요', '친절해요', '음식이 맛있어요', '가성비가 좋아요', '양이 많아요']"
포보스 현대시티아울렛대구점,"잉여668
리뷰 642사진 24","['점심에 방문', nan, nan, nan, nan]",1번째 방문,일찍 안가면 못먹는 맛집! 맛있어요,"['양이 많아요', '가성비가 좋아요', '음식이 맛있어요', nan, nan]"
포보스 현대시티아울렛대구점,"동구리왕
리뷰 966사진 7","['점심에 방문', nan, nan, nan, nan]",3번째 방문,굿,"['음식이 맛있어요', '가성비가 좋아요', '주차하기 편해요', nan, nan]"
포보스 현대시티아울렛대구점,"서은띠
리뷰 387사진 357","['점심에 방문', nan, nan, nan, nan]",1번째 방문,진짜 존맛탱~~!!,"['친절해요', nan, nan, nan, nan]"
포보스 현대시티아울렛대구점,"라니47
리뷰 490사진 204","['저녁에 방문', nan, nan, nan, nan]",1번째 방문,세트했는데 음식이 다 맛있네요^^,"['음식이 맛있어요', nan, nan, nan, nan]"
포보스 현대시티아울렛대구점,"티베리우스
리뷰 337사진 99팔로워 3","['점심에 방문', nan, nan, nan, nan]",1번째 방문,맛없을 수가 없는 조학,"['음식이 맛있어요', '매장이 넓어요', nan, nan, nan]"
포보스 현대시티아울렛대구점,"미사일
리뷰 712사진 53","['저녁에 방문', nan, nan, nan, nan]",1번째 방문,베트남 향이 느껴지는 맛이네요,"['특별한 날 가기 좋아요', '매장이 청결해요', '음식이 맛있어요', '재료가 신선해요', '혼밥하기 좋아요']"
포보스 현대시티아울렛대구점,"haohao2300
리뷰 1,277사진 1,302팔로워 68","['점심에 방문', nan, nan, nan, nan]",3번째 방문,평일 점심세트 맛도 좋고 양도 많아요.쌀국수와 매운해물볶음밥 아주.잘어울려요,"['가성비가 좋아요', '음식이 맛있어요', '양이 많아요', nan, nan]"
포보스 현대시티아울렛대구점,"merry고라운드
리뷰 1,099사진 1,674팔로워 39","['저녁에 방문', nan, nan, nan, nan]",1번째 방문,"그저그랫어여
쌀국수육수는 좋은데 나머지 메뉴는 별로
특히 의욕하나도 없는 힘빠진 직원들때메 분위기 더별로
더보기","[nan, nan, nan, nan, nan]"
포보스 현대시티아울렛대구점,"호기로운효탱이
리뷰 818사진 5,493팔로워 160테마 2","['점심에 방문', nan, nan, nan, nan]",1번째 방문,"런치메뉴도 있지만 매운쌀국수 먹고 싶어서 단품으로 주문했어요
양진짜 많고 정말 맛있었어요
정말 강추예요
다음에는 런치메뉴도 먹어봐야겠어요~^^

접기","['음식이 맛있어요', '재료가 신선해요', '양이 많아요', '특별한 메뉴가 있어요', '가성비가 좋아요']"
포보스 현대시티아울렛대구점,"예쁜쑤45
리뷰 98사진 18","['점심에 방문', nan, nan, nan, nan]",1번째 방문,쌀국수가 맛나요,"['화장실이 깨끗해요', '매장이 청결해요', '주차하기 편해요', '친절해요', '양이 많아요']"
포보스 현대시티아울렛대구점,"예솔486
리뷰 684사진 674","['점심에 방문', nan, nan, nan, nan]",1번째 방문,맛있게 먹고 왔어요,"['음식이 맛있어요', nan, nan, nan, nan]"
포보스 현대시티아울렛대구점,"벼락망치3
리뷰 998사진 5","['저녁에 방문', nan, nan, nan, nan]",2번째 방문,친절해요,"['친절해요', nan, nan, nan, nan]"
포보스 현대시티아울렛대구점,"동구리왕
리뷰 966사진 7","['저녁에 방문', nan, nan, nan, nan]",2번째 방문,굿,"['매장이 청결해요', '주차하기 편해요', nan, nan, nan]"
포보스 현대시티아울렛대구점,"mdh****
리뷰 538사진 3","['점심에 방문', nan, nan, nan, nan]",1번째 방문,쌀국수 맛도 양도 굿~,"['주차하기 편해요', '매장이 청결해요', '음식이 맛있어요', nan, nan]"
포보스 현대시티아울렛대구점,"나는나9475
리뷰 167사진 6","['점심에 방문', nan, nan, nan, nan]",1번째 방문,그저그름,"['주차하기 편해요', nan, nan, nan, nan]"
포보스 현대시티아울렛대구점,"동구리왕
리뷰 966사진 7","['저녁에 방문', nan, nan, nan, nan]",1번째 방문,굿,"['특별한 메뉴가 있어요', '가성비가 좋아요', nan, nan, nan]"
포보스 현대시티아울렛대구점,"수키조아
리뷰 466사진 44팔로워 3","['점심에 방문', nan, nan, nan, nan]",1번째 방문,,"['음식이 맛있어요', '특별한 메뉴가 있어요', nan, nan, nan]"
포보스 현대시티아울렛대구점,"오늘이 가장젊은날
리뷰 319사진 134팔로워 13테마 2","['점심에 방문', nan, nan, nan, nan]",1번째 방문,"처음가봤는데 맛있어요~
근데 음식이 간이좀 쎈듯하네요..","['음식이 맛있어요', '재료가 신선해요', '양이 많아요', '특별한 메뉴가 있어요', '주차하기 편해요']"
포보스 현대시티아울렛대구점,"abc123def123
리뷰 1,074사진 1,101팔로워 1","['저녁에 방문', nan, nan, nan, nan]",1번째 방문,좋아요,"['재료가 신선해요', nan, nan, nan, nan]"
포보스 현대시티아울렛대구점,"rap****
리뷰 990사진 203팔로워 1","['점심에 방문', nan, nan, nan, nan]",1번째 방문,좋아요,"['양이 많아요', nan, nan, nan, nan]"
포보스 현대시티아울렛대구점,"pikaaa
리뷰 444사진 92","['저녁에 방문', nan, nan, nan, nan]",1번째 방문,"고수 요청하면 제공되는 점이 좋고
쌀국수 국물 깔끔하고 맛있음","['음식이 맛있어요', '주차하기 편해요', nan, nan, nan]"
포보스 현대시티아울렛대구점,"썬디84
리뷰 321사진 116","['점심에 방문', nan, nan, nan, nan]",1번째 방문,쇼핑하다 출출해서 들려서 먹었어요. 메뉴도 다양하고 가성비 좋구요! 쌀국수 푸짐하고 맛있네요. 저는 개인적으로 하노이깐풍기 매콤하면서 맛있더라구요 추천!,"['양이 많아요', '특별한 메뉴가 있어요', '음식이 맛있어요', '매장이 청결해요', nan]"
포보스 현대시티아울렛대구점,"ys****
리뷰 706사진 38팔로워 1","['점심에 방문', nan, nan, nan, nan]",1번째 방문,깔끔하고 맛나요,"['음식이 맛있어요', nan, nan, nan, nan]"
포보스 현대시티아울렛대구점,"정아384
리뷰 370사진 92팔로워 18","['점심에 방문', nan, nan, nan, nan]",1번째 방문,맛나요!,"['음식이 맛있어요', nan, nan, nan, nan]"
포보스 현대시티아울렛대구점,"살롱드베베 연이원장입니다
리뷰 1,732사진 72팔로워 43","['점심에 방문', nan, nan, nan, nan]",1번째 방문,마시써여 ㅜㅜ 동남아 가고싶다,"['양이 많아요', '특별한 메뉴가 있어요', '재료가 신선해요', '음식이 맛있어요', nan]"
포보스 현대시티아울렛대구점,"다블리v
리뷰 52사진 9","['점심에 방문', nan, nan, nan, nan]",1번째 방문,,"['음식이 맛있어요', '재료가 신선해요', '양이 많아요', '가성비가 좋아요', nan]"
포보스 현대시티아울렛대구점,"wj347
리뷰 1,246사진 3,197팔로워 122","['저녁에 방문', nan, nan, nan, nan]",2번째 방문,오랜만에 갔는데 여기 진짜 조용해서 좋아요! 쌀국수 국물은 약간 맛이 연하긴한데 무난해요. 고수는 달라고 해야만 주심^^;,"['주차하기 편해요', '매장이 청결해요', '양이 많아요', nan, nan]"
포보스 현대시티아울렛대구점,"아름다운소풍28
리뷰 90사진 4","['점심에 방문', nan, nan, nan, nan]",2번째 방문,소고기비빔분짜 맛있네요,"['음식이 맛있어요', nan, nan, nan, nan]"
포보스 현대시티아울렛대구점,"ys****
리뷰 706사진 38팔로워 1","['점심에 방문', nan, nan, nan, nan]",2번째 방문,맛나요,"['음식이 맛있어요', nan, nan, nan, nan]"
포보스 현대시티아울렛대구점,"운끠
리뷰 1,266사진 557팔로워 58","['저녁에 방문', nan, nan, nan, nan]",1번째 방문,"현대시티아울렛에 쇼핑하러왔다가 맛있게 기분좋게 식사했습니다 :) 소고기 쌀국수는 양도 많고 국물이 진하고 맛있어요! 깐풍기도 강추입니다 튀김도 바삭하고 또먹고싶어요ㅎㅎ 매장도 깔끔하고 재방문의사200퍼입니다!
접기","['음식이 맛있어요', '양이 많아요', '매장이 넓어요', '주차하기 편해요', '친절해요']"
포보스 현대시티아울렛대구점,"ruuoip
리뷰 977사진 40","['점심에 방문', nan, nan, nan, nan]",1번째 방문,가성비 좋고! 맛도 있네요!반찬 넉넉히 나와서 맘에들었어요 주전자도 예쁨,"['음식이 맛있어요', '특별한 메뉴가 있어요', '가성비가 좋아요', nan, nan]"
포보스 현대시티아울렛대구점,"dolbe2
리뷰 229","['점심에 방문', nan, nan, nan, nan]",1번째 방문,맛나요,"['음식이 맛있어요', nan, nan, nan, nan]"
포보스 현대시티아울렛대구점,"밤비니Kim
리뷰 1,020사진 260","['점심에 방문', nan, nan, nan, nan]",2번째 방문,넘 맛있어요. :),"['음식이 맛있어요', nan, nan, nan, nan]"
포보스 현대시티아울렛대구점,"세무사사무실8185
리뷰 520사진 38","['점심에 방문', nan, nan, nan, nan]",1번째 방문,맞나요,"['음식이 맛있어요', nan, nan, nan, nan]"
포보스 현대시티아울렛대구점,"slg****
리뷰 29","['저녁에 방문', nan, nan, nan, nan]",1번째 방문,맛있게 먹었어요,"['음식이 맛있어요', nan, nan, nan, nan]"
포보스 현대시티아울렛대구점,"su****
리뷰 999사진 4","['저녁에 방문', nan, nan, nan, nan]",2번째 방문,굿,"['특별한 메뉴가 있어요', nan, nan, nan, nan]"
포보스 현대시티아울렛대구점,"아름다운소풍28
리뷰 90사진 4","['점심에 방문', nan, nan, nan, nan]",1번째 방문,"점심 먹으러 가끔 방문합니다.
그린빈 찹스테이크의 소고기가 오늘은 조금 질기네요.","['매장이 청결해요', '화장실이 깨끗해요', nan, nan, nan]"
포보스 현대시티아울렛대구점,"소리소리31
리뷰 168사진 4","['점심에 방문', nan, nan, nan, nan]",3번째 방문,맛있어요,"['음식이 맛있어요', nan, nan, nan, nan]"
포보스 현대시티아울렛대구점,"나는GUCCI
리뷰 212사진 6","['점심에 방문', nan, nan, nan, nan]",1번째 방문,쏘쏘~~입니당,"[nan, nan, nan, nan, nan]"
포보스 현대시티아울렛대구점,"아름다운소풍28
리뷰 90사진 4","['점심에 방문', nan, nan, nan, nan]",3번째 방문,굿,"['음식이 맛있어요', nan, nan, nan, nan]"
포보스 현대시티아울렛대구점,"나는GUCCI
리뷰 212사진 6","['점심에 방문', nan, nan, nan, nan]",2번째 방문,굿,"[nan, nan, nan, nan, nan]"
포보스 현대시티아울렛대구점,"구애동
리뷰 130사진 3","['저녁에 방문', nan, nan, nan, nan]",2번째 방문,맛잇어요~계속 여기만 연달아오네요^^,"['특별한 메뉴가 있어요', nan, nan, nan, nan]"
포보스 현대시티아울렛대구점,"짧은머리71
리뷰 577사진 114","['점심에 방문', nan, nan, nan, nan]",1번째 방문,소고기볶음밥??? 진심 이게 젤맛있어요!!!,"['친절해요', '매장이 청결해요', '주차하기 편해요', '혼밥하기 좋아요', nan]"
포보스 현대시티아울렛대구점,"한코샤
리뷰 809사진 39팔로워 11","['저녁에 방문', nan, nan, nan, nan]",1번째 방문,긋,"['음식이 맛있어요', '재료가 신선해요', nan, nan, nan]"
포보스 현대시티아울렛대구점,"밤비니Kim
리뷰 1,020사진 260","['점심에 방문', nan, nan, nan, nan]",1번째 방문,"점심특선 가성비 좋고, 맛있어요.","['주차하기 편해요', '친절해요', '음식이 맛있어요', nan, nan]"
포보스 현대시티아울렛대구점,"안알훔
리뷰 334사진 11","['점심에 방문', nan, nan, nan, nan]",1번째 방문,긋굿,"['음식이 맛있어요', nan, nan, nan, nan]"
포보스 현대시티아울렛대구점,"여울4741
리뷰 313사진 454팔로워 22","['저녁에 방문', nan, nan, nan, nan]",1번째 방문,쌀국수는 노맛...분짜는 맛있었어요!,"['주차하기 편해요', nan, nan, nan, nan]"
포보스 현대시티아울렛대구점,"su****
리뷰 999사진 4","['저녁에 방문', nan, nan, nan, nan]",1번째 방문,굿,"['음식이 맛있어요', nan, nan, nan, nan]"
포보스 현대시티아울렛대구점,"바밤바1492
리뷰 114사진 69팔로워 11","['점심에 방문', nan, nan, nan, nan]",1번째 방문,런치세트 양 완전 많고 맛있어요,"['양이 많아요', '음식이 맛있어요', nan, nan, nan]"
포보스 현대시티아울렛대구점,"뿡빵2
리뷰 168사진 40","['저녁에 방문', nan, nan, nan, nan]",1번째 방문,모든 메뉴 다 너무 맛있어요~~ 양도 많아서 배불러요 굳굳,"['단체모임 하기 좋아요', '매장이 넓어요', '음식이 맛있어요', '주차하기 편해요', '친절해요']"
포보스 현대시티아울렛대구점,"ghn****
리뷰 49사진 42팔로워 2","['저녁에 방문', nan, nan, nan, nan]",1번째 방문,맛있어요! 특히 깐풍기👍,"['특별한 메뉴가 있어요', '음식이 맛있어요', '양이 많아요', '화장실이 깨끗해요', '매장이 청결해요']"
포보스 현대시티아울렛대구점,"lov****
리뷰 887사진 7","['점심에 방문', nan, nan, nan, nan]",1번째 방문,맛있어요,"['음식이 맛있어요', nan, nan, nan, nan]"
포보스 현대시티아울렛대구점,"jun****
리뷰 1,041사진 1","['점심에 방문', nan, nan, nan, nan]",1번째 방문,좋아요,"['혼밥하기 좋아요', '음식이 맛있어요', nan, nan, nan]"
포보스 현대시티아울렛대구점,"찹찹찹96
리뷰 1,294사진 359팔로워 24","['저녁에 방문', nan, nan, nan, nan]",1번째 방문,"기대안하고갔는데 식당라인자체가번잡스럽지도않고 세트메뉴에 양도많고
무엇보다 맛이좋아요! 단무지랑 절임양파마저
맛있음 식사만하러와도좋다고 생각했어요
접기","['친절해요', '음식이 맛있어요', '양이 많아요', '가성비가 좋아요', '재료가 신선해요']"
포보스 현대시티아울렛대구점,"fill543
리뷰 630사진 56","['저녁에 방문', nan, nan, nan, nan]",1번째 방문,맛있어요,"['음식이 맛있어요', nan, nan, nan, nan]"
포보스 현대시티아울렛대구점,"스티치9
리뷰 1,785사진 42","['저녁에 방문', nan, nan, nan, nan]",1번째 방문,반세오 맛있어요,"['친절해요', nan, nan, nan, nan]"
포보스 현대시티아울렛대구점,"웬디1926
리뷰 152사진 10팔로워 1","['저녁에 방문', nan, nan, nan, nan]",1번째 방문,좋아요 가까워서 만족해요,"['가성비가 좋아요', nan, nan, nan, nan]"
포보스 현대시티아울렛대구점,"됴뇨니
리뷰 40사진 14팔로워 4","['점심에 방문', nan, nan, nan, nan]",1번째 방문,그린빈 맛있어요!!,"['음식이 맛있어요', '매장이 청결해요', '주차하기 편해요', '친절해요', nan]"
포보스 현대시티아울렛대구점,"긍정보리
리뷰 134사진 143팔로워 11","['점심에 방문', nan, nan, nan, nan]",1번째 방문,맛있게 먹었어요,"['음식이 맛있어요', '친절해요', nan, nan, nan]"
포보스 현대시티아울렛대구점,"홍삼1883
리뷰 1,515사진 3,577팔로워 14","['점심에 방문', nan, nan, nan, nan]",1번째 방문,굿,"['재료가 신선해요', '양이 많아요', '특별한 메뉴가 있어요', '가성비가 좋아요', '음식이 맛있어요']"
포보스 현대시티아울렛대구점,"여니8783
리뷰 808사진 41","['점심에 방문', nan, nan, nan, nan]",1번째 방문,맛있엉ᆢ,"[nan, nan, nan, nan, nan]"
포보스 현대시티아울렛대구점,"yoooooom
리뷰 597사진 1,642팔로워 30테마 1","['저녁에 방문', nan, nan, nan, nan]",1번째 방문,맛도 좋고 양도 엄청나요!,"[nan, nan, nan, nan, nan]"
포보스 현대시티아울렛대구점,"햇모닝
리뷰 17사진 7","['점심에 방문', nan, nan, nan, nan]",2번째 방문,꿀맛 강추합니다!,"[nan, nan, nan, nan, nan]"
포보스 현대시티아울렛대구점,"멍쥬
리뷰 345사진 11팔로워 12","['점심에 방문', nan, nan, nan, nan]",1번째 방문,양 푸짐해요. 맵긴 매워요.,"[nan, nan, nan, nan, nan]"
포보스 현대시티아울렛대구점,"Wisdom2771
리뷰 167사진 36팔로워 4","['점심에 방문', nan, nan, nan, nan]",1번째 방문,"깔끔하고 분위기도 좋고 식사 맛있게 했어요
가격도 괜찮고 메뉴도 다양하고 맛있어요
쌀국수랑 깐풍기 최고 ^^","['매장이 청결해요', '친절해요', '음식이 맛있어요', '양이 많아요', '특별한 메뉴가 있어요']"
포보스 현대시티아울렛대구점,"큐피트의 화살
리뷰 767사진 4,258팔로워 148테마 8","['점심에 방문', nan, nan, nan, nan]",1번째 방문,맛도 좋고 양도 만족! ㅎ,"[nan, nan, nan, nan, nan]"
포보스 현대시티아울렛대구점,"룰루랄라798
리뷰 403사진 88팔로워 15","['점심에 방문', nan, nan, nan, nan]",1번째 방문,오랜만에 먹으러갔는데 웨이팅 있어서 기다리고 먹었네요 볶음밥 먹었는데 아이가 맛있게 먹어서 좋네요 추천합니다.,"[nan, nan, nan, nan, nan]"
포보스 현대시티아울렛대구점,"81김건용
리뷰 1,243사진 3팔로워 20","['점심에 방문', nan, nan, nan, nan]",1번째 방문,맛있게 잘 먹었습니다.,"[nan, nan, nan, nan, nan]"
포보스 현대시티아울렛대구점,"즐기는자
리뷰 915사진 3","['저녁에 방문', nan, nan, nan, nan]",1번째 방문,쌀국수 짱!!!,"[nan, nan, nan, nan, nan]"
포보스 현대시티아울렛대구점,"안뇽지니
리뷰 129사진 128팔로워 1","['저녁에 방문', nan, nan, nan, nan]",1번째 방문,친절하고 맛있음ㅋ,"[nan, nan, nan, nan, nan]"
포보스 현대시티아울렛대구점,"tjfqlsy
리뷰 30사진 36","['점심에 방문', nan, nan, nan, nan]",1번째 방문,"제가 먹어봤던 쌀국수중에 세손가락 안에 들어요!!ㅎㅎㅎ 가끔 쌀국수 잘 못 먹으면 육수에서 잡내가 나는 곳이 있는데 여기는 잡내없이 육수가 깔끔해요!! 다음에 또 가겠습니다~
더보기","[nan, nan, nan, nan, nan]"
포보스 현대시티아울렛대구점,"또미136
리뷰 28사진 48","['점심에 방문', nan, nan, nan, nan]",1번째 방문,"쌀국수 안 좋아하는 편인데 포보스 쌀국수 먹고 입맛 달라졌습니다 :3 ♥
육수도 담백하고 깔끔한 게 자꾸 생각나네요..
직원 분들도 친절하고 매장도 깔끔하니 예뻐서 또 들리려구요 ㅎㅎ
더보기","[nan, nan, nan, nan, nan]"
포보스 현대시티아울렛대구점,"오잉ㅇ또
리뷰 124사진 23팔로워 3","['점심에 방문', nan, nan, nan, nan]",1번째 방문,맛있었어요! 양도 많아서 배부르게먹었습니다,"[nan, nan, nan, nan, nan]"
포보스 현대시티아울렛대구점,"yyyyyy69
리뷰 149사진 7","['점심에 방문', nan, nan, nan, nan]",1번째 방문,좋아요,"[nan, nan, nan, nan, nan]"
포보스 현대시티아울렛대구점,"Zzi9356
리뷰 19사진 7","['점심에 방문', nan, nan, nan, nan]",1번째 방문,,"[nan, nan, nan, nan, nan]"
포보스 현대시티아울렛대구점,"햇모닝
리뷰 17사진 7","['점심에 방문', nan, nan, nan, nan]",1번째 방문,직원들도 친절하고 음식도 완전 맛있었어요! 재방문 의사있습니다~,"[nan, nan, nan, nan, nan]"
포보스 현대시티아울렛대구점,"너공
리뷰 657사진 205팔로워 13","['저녁에 방문', nan, nan, nan, nan]",1번째 방문,쌀국수 맛있어요 진한것보다 맑은 국물 좋아하시면 완전 강추,"[nan, nan, nan, nan, nan]"
포보스 현대시티아울렛대구점,"kissboy1104
리뷰 779사진 19","['저녁에 방문', nan, nan, nan, nan]",1번째 방문,보통인듯,"[nan, nan, nan, nan, nan]"
포보스 현대시티아울렛대구점,"미야이모
리뷰 1,195사진 61팔로워 15","['저녁에 방문', nan, nan, nan, nan]",1번째 방문,,"[nan, nan, nan, nan, nan]"
포보스 현대시티아울렛대구점,"구름과별님
리뷰 73사진 4팔로워 2","['저녁에 방문', nan, nan, nan, nan]",1번째 방문,쌀국수 전문점,"[nan, nan, nan, nan, nan]"
포보스 현대시티아울렛대구점,"셀린62
리뷰 659사진 9","['점심에 방문', nan, nan, nan, nan]",1번째 방문,뜨끈하게 맛있어여,"[nan, nan, nan, nan, nan]"
포보스 현대시티아울렛대구점,"앗싸가오리85
리뷰 13사진 2","['저녁에 방문', nan, nan, nan, nan]",1번째 방문,"쌀국수의 국물간이 올 때마다 달라요...

사이드로 요리 먹을 때 인당 접시하나씩 달라니까 국그릇을 주길래 접시로 달랬더니 그냥 먹으라네요....
더보기","[nan, nan, nan, nan, nan]"
